{"assets":{"D59D21FB78814349B9D1A3448735EFD2":{"type":"texture","index":0,"assetRequest":{"type":"slide","state":"contents","slide":"none"},"url":{"native":"assets\/39C8553D-CFE0-4546-AE8D-86EA9EF15EE2.pdf"},"width":1920,"height":1080},"8B42B7B2F295A0C1E30E555B0BE6BE9C":{"type":"texture","index":1,"assetRequest":{"type":"slide","state":"contents","slide":"none"},"url":{"native":"assets\/39C8553D-CFE0-4546-AE8D-86EA9EF15EE2.pdf"},"width":1920,"height":1080}},"events":[{"effects":[{"beginTime":0,"baseLayer":{"animations":[],"initialState":{"affineTransform":[1,0,0,1,0,0],"masksToBounds":false,"rotation":0,"scale":1,"position":{"pointX":960,"pointY":540},"width":1920,"sublayerTransform":[1,0,0,0,0,1,0,0,0,0,1,0,0,0,0,1],"contentsRect":{"y":0,"x":0,"width":1,"height":1},"opacity":1,"edgeAntialiasingMask":251658240,"height":1080,"hidden":false,"anchorPoint":{"pointX":0.5,"pointY":0.5}},"objectID":"0","layers":[{"animations":[],"initialState":{"affineTransform":[1,0,0,1,0,0],"masksToBounds":false,"rotation":0,"scale":1,"position":{"pointX":960,"pointY":540},"width":1920,"sublayerTransform":[1,0,0,0,0,1,0,0,0,0,1,-0.00035007912466775983,0,0,0,1],"contentsRect":{"y":0,"x":0,"width":1,"height":1},"opacity":1,"edgeAntialiasingMask":251658240,"height":1080,"hidden":false,"anchorPoint":{"pointX":0.5,"pointY":0.5}},"layers":[{"animations":[],"layers":[],"texturedRectangle":{"isBackgroundTexture":false,"singleTextureOpacity":1,"textureType":0,"textBaseline":0,"textXHeight":0,"isVerticalText":false},"initialState":{"affineTransform":[1,0,0,1,0,0],"masksToBounds":false,"rotation":0,"scale":1,"position":{"pointX":960,"pointY":540},"width":1920,"sublayerTransform":[1,0,0,0,0,1,0,0,0,0,1,0,0,0,0,1],"contentsRect":{"y":0,"x":0,"width":1,"height":1},"opacity":1,"edgeAntialiasingMask":0,"height":1080,"hidden":false,"anchorPoint":{"pointX":0.5,"pointY":0.5}},"texture":"8B42B7B2F295A0C1E30E555B0BE6BE9C"},{"animations":[{"additive":false,"timeOffset":0,"beginTime":0,"from":{"scalar":false},"repeatCount":0,"fillMode":"both","duration":0.01,"autoreverses":false,"property":"hidden","to":{"scalar":true},"removedOnCompletion":false}],"layers":[],"texturedRectangle":{"isBackgroundTexture":false,"singleTextureOpacity":1,"textureType":0,"textBaseline":0,"textXHeight":0,"isVerticalText":false},"initialState":{"affineTransform":[1,0,0,1,0,0],"masksToBounds":false,"rotation":0,"scale":1,"position":{"pointX":960,"pointY":540},"width":1920,"sublayerTransform":[1,0,0,0,0,1,0,0,0,0,1,0,0,0,0,1],"contentsRect":{"y":0,"x":0,"width":1,"height":1},"opacity":1,"edgeAntialiasingMask":0,"height":1080,"hidden":false,"anchorPoint":{"pointX":0.5,"pointY":0.5}},"texture":"D59D21FB78814349B9D1A3448735EFD2"}]}]},"effects":[],"duration":0.01,"type":"transition","attributes":{"direction":0},"name":"none","objectID":"0"}],"automaticPlay":false,"hyperlinks":[],"accessibility":[{"text":"何でもアクション","targetRectangle":{"y":425.81631469726562,"x":174.82607460021973,"width":384,"height":47.999951362609863}},{"text":"説明書を読んで、続けるために、何かボタンをクリックしてください。","targetRectangle":{"y":246.95183777809143,"x":193.68001525878901,"width":1532.6400000000003,"height":47.999951362609863}},{"text":"次に","targetRectangle":{"y":877.22556686401367,"x":177.72358703613281,"width":96,"height":47.999951362609863}},{"text":"せつめいしょ","targetRectangle":{"y":223.21711242198944,"x":213.35278511047363,"width":120,"height":19.999979734420776}},{"text":"説明書","targetRectangle":{"y":75.369682312011719,"x":788.97991943359375,"width":341.04000015556812,"height":115.9998824596405}},{"text":"人殺し - murderer","targetRectangle":{"y":963.85189056396484,"x":1600.4254887695313,"width":193.51199999999994,"height":23.999975681304932}},{"text":"謎を解く - solve the mystery","targetRectangle":{"y":999.85189056396484,"x":1545.5134887695312,"width":303.33600000000001,"height":23.999975681304932}},{"text":" ひとごろ","targetRectangle":{"y":601.21052253246307,"x":1028.8966999053955,"width":103.99199999999996,"height":23.999975681304932}},{"text":"= プロットを進める","targetRectangle":{"y":883.47554305195808,"x":372.13634755246676,"width":315.245,"height":35.499964535236359}},{"text":"と","targetRectangle":{"y":739.95686042308807,"x":1415.7644036412239,"width":24,"height":23.999975681304932}},{"text":"目的：","targetRectangle":{"y":505.05621810914818,"x":1229.3039685459808,"width":291.08999991975725,"height":99.499899685382843}},{"text":"人殺しを見つける; ","targetRectangle":{"y":634.15623935820281,"x":973.16096862622351,"width":834.37299973252414,"height":99.499899685382843}},{"text":"謎を解く","targetRectangle":{"y":763.25626060725745,"x":1180.7889685593545,"width":388.11999989300966,"height":99.499899685382843}},{"text":"あなた：何でもダイアログ","targetRectangle":{"y":659.90618896484375,"x":123.70605278015137,"width":572.15999999999997,"height":47.999951362609863}},{"text":"すす","targetRectangle":{"y":863.31226623058319,"x":588.93670606613159,"width":40,"height":19.999979734420776}},{"text":"もくてき","targetRectangle":{"y":475.87787902355194,"x":1287.9746100902557,"width":80,"height":19.999979734420776}},{"text":"なぞ","targetRectangle":{"y":739.95686042308807,"x":1203.1026614904404,"width":48,"height":23.999975681304932}}],"baseLayer":{"animations":[],"initialState":{"affineTransform":[1,0,0,1,0,0],"masksToBounds":false,"rotation":0,"scale":1,"position":{"pointX":960,"pointY":540},"width":1920,"sublayerTransform":[1,0,0,0,0,1,0,0,0,0,1,0,0,0,0,1],"contentsRect":{"y":0,"x":0,"width":1,"height":1},"opacity":1,"edgeAntialiasingMask":251658240,"height":1080,"hidden":false,"anchorPoint":{"pointX":0.5,"pointY":0.5}},"objectID":"0","layers":[{"animations":[],"initialState":{"affineTransform":[1,0,0,1,0,0],"masksToBounds":false,"rotation":0,"scale":1,"position":{"pointX":960,"pointY":540},"width":1920,"sublayerTransform":[1,0,0,0,0,1,0,0,0,0,1,-0.00035007912466775983,0,0,0,1],"contentsRect":{"y":0,"x":0,"width":1,"height":1},"opacity":1,"edgeAntialiasingMask":251658240,"height":1080,"hidden":false,"anchorPoint":{"pointX":0.5,"pointY":0.5}},"layers":[{"animations":[],"layers":[],"texturedRectangle":{"isBackgroundTexture":false,"singleTextureOpacity":1,"textureType":0,"textBaseline":0,"textXHeight":0,"isVerticalText":false},"initialState":{"affineTransform":[1,0,0,1,0,0],"masksToBounds":false,"rotation":0,"scale":1,"position":{"pointX":960,"pointY":540},"width":1920,"sublayerTransform":[1,0,0,0,0,1,0,0,0,0,1,0,0,0,0,1],"contentsRect":{"y":0,"x":0,"width":1,"height":1},"opacity":1,"edgeAntialiasingMask":0,"height":1080,"hidden":false,"anchorPoint":{"pointX":0.5,"pointY":0.5}},"texture":"D59D21FB78814349B9D1A3448735EFD2"}]}]}}]}